1	M	0.6323	0.3090
2	T	0.6928	0.3264
3	M	0.7427	0.3440
4	Y	0.7762	0.3602
5	L	0.7943	0.3778
6	W	0.8027	0.3902
7	L	0.8105	0.4059
8	K	0.8208	0.4162
9	L	0.8197	0.4265
10	L	0.8623	0.4337
11	A	0.8553	0.4298
12	F	0.7819	0.4269
13	G	0.6584	0.4251
14	F	0.6073	0.4252
15	A	0.6047	0.4259
16	F	0.6894	0.4283
17	L	0.8103	0.4299
18	D	0.8593	0.4316
19	T	0.8064	0.4336
20	E	0.7734	0.4352
21	V	0.7793	0.4362
22	F	0.8465	0.4362
23	V	0.8748	0.4349
24	T	0.9069	0.4330
25	G	0.8984	0.4315
26	Q	0.8537	0.4289
27	S	0.8555	0.4251
28	P	0.8680	0.4214
29	T	0.8586	0.4178
30	P	0.8398	0.4162
31	S	0.8252	0.4135
32	P	0.8338	0.4096
33	T	0.8391	0.4077
34	G	0.8434	0.4090
35	L	0.8696	0.4142
36	T	0.8719	0.4147
37	T	0.8735	0.4171
38	A	0.8939	0.4230
39	K	0.8964	0.4286
40	M	0.8939	0.4487
41	P	0.8869	0.4659
42	S	0.8744	0.4828
43	V	0.8702	0.5038
44	P	0.8821	0.5183
45	L	0.8984	0.5272
46	S	0.9064	0.5281
47	S	0.9011	0.5518
48	D	0.8895	0.5781
49	P	0.8752	0.6025
50	L	0.8742	0.6320
51	P	0.8846	0.6316
52	T	0.8826	0.6277
53	H	0.8698	0.6444
54	T	0.8631	0.6615
55	T	0.8735	0.6919
56	A	0.8801	0.7300
57	F	0.8970	0.7619
58	S	0.9109	0.7673
59	P	0.9139	0.7846
60	A	0.9213	0.7977
61	S	0.9348	0.8049
62	T	0.9534	0.8197
63	F	0.9601	0.8363
64	E	0.9615	0.8281
65	R	0.9775	0.8115
66	E	0.9824	0.8020
67	N	0.9862	0.7830
68	D	0.9939	0.7720
69	F	0.9906	0.7676
70	S	0.9899	0.7349
71	E	0.9891	0.7034
72	T	0.9903	0.6666
73	T	0.9923	0.6287
74	T	0.9946	0.5958
75	S	0.9952	0.5982
76	L	0.9948	0.6063
77	S	0.9949	0.5860
78	P	0.9945	0.5757
79	D	0.9937	0.5572
80	N	0.9935	0.5548
81	T	0.9917	0.5767
82	S	0.9905	0.6017
83	T	0.9890	0.6414
84	Q	0.9876	0.6838
85	V	0.9879	0.7230
86	S	0.9886	0.7474
87	P	0.9912	0.7689
88	D	0.9926	0.7940
89	S	0.9929	0.8109
90	L	0.9940	0.8344
91	D	0.9940	0.8431
92	N	0.9941	0.8455
93	A	0.9949	0.8488
94	S	0.9956	0.8505
95	A	0.9949	0.8534
96	F	0.9939	0.8455
97	N	0.9930	0.8266
98	T	0.9933	0.8125
99	T	0.9948	0.8181
100	G	0.9952	0.8332
101	V	0.9963	0.8405
102	S	0.9957	0.8451
103	S	0.9943	0.8572
104	V	0.9943	0.8699
105	Q	0.9922	0.8685
106	T	0.9919	0.8649
107	P	0.9922	0.8687
108	H	0.9926	0.8795
109	L	0.9945	0.8829
110	P	0.9949	0.8687
111	T	0.9948	0.8475
112	H	0.9943	0.8285
113	A	0.9939	0.8126
114	D	0.9951	0.7805
115	S	0.9952	0.7403
116	Q	0.9955	0.7085
117	T	0.9956	0.6943
118	P	0.9953	0.6803
119	S	0.9949	0.6654
120	A	0.9939	0.6571
121	G	0.9936	0.6593
122	T	0.9952	0.6682
123	D	0.9923	0.6775
124	T	0.9895	0.6906
125	Q	0.9864	0.7147
126	T	0.9873	0.7522
127	F	0.9870	0.7882
128	S	0.9851	0.7925
129	G	0.9863	0.7918
130	S	0.9833	0.7929
131	A	0.9798	0.7962
132	A	0.9827	0.7930
133	N	0.9811	0.7793
134	A	0.9806	0.7735
135	K	0.9810	0.7713
136	L	0.9829	0.7724
137	N	0.9836	0.7453
138	P	0.9829	0.7295
139	T	0.9828	0.7309
140	P	0.9824	0.7393
141	G	0.9818	0.7501
142	S	0.9843	0.7598
143	N	0.9832	0.7734
144	A	0.9847	0.7907
145	I	0.9845	0.7984
146	S	0.9832	0.7899
147	D	0.9811	0.7778
148	V	0.9800	0.7892
149	P	0.9751	0.7815
150	G	0.9697	0.7689
151	E	0.9636	0.7519
152	R	0.9651	0.7311
153	S	0.9615	0.7142
154	T	0.9639	0.6970
155	A	0.9624	0.6870
156	S	0.9644	0.6859
157	T	0.9683	0.6946
158	F	0.9679	0.7055
159	P	0.9607	0.6876
160	T	0.9501	0.6903
161	D	0.9366	0.7000
162	P	0.9312	0.7202
163	V	0.9270	0.7421
164	S	0.9289	0.7519
165	P	0.9306	0.7665
166	L	0.9337	0.7739
167	T	0.9267	0.7654
168	T	0.9041	0.7629
169	T	0.8639	0.7634
170	L	0.8423	0.7863
171	S	0.8445	0.7913
172	L	0.8793	0.7967
173	A	0.9127	0.7852
174	H	0.9150	0.7670
175	H	0.8984	0.7489
176	S	0.8780	0.7218
177	S	0.8779	0.6953
178	A	0.9077	0.6780
179	A	0.9414	0.6620
180	L	0.9608	0.6351
181	P	0.9734	0.5903
182	A	0.9595	0.5524
183	R	0.9352	0.5067
184	T	0.8921	0.4670
185	S	0.8804	0.4362
186	N	0.8644	0.4141
187	T	0.8622	0.4048
188	T	0.8813	0.4084
189	I	0.8719	0.4142
190	T	0.8488	0.4103
191	A	0.8134	0.4123
192	N	0.7760	0.4201
193	T	0.7541	0.4291
194	S	0.7190	0.4421
195	D	0.6731	0.4566
196	A	0.6226	0.4754
197	Y	0.5616	0.4878
198	L	0.5487	0.4891
199	N	0.5473	0.4731
200	A	0.5833	0.4575
201	S	0.5979	0.4455
202	E	0.5933	0.4350
203	T	0.5836	0.4276
204	T	0.5849	0.4262
205	T	0.5894	0.4257
206	L	0.5661	0.4264
207	S	0.5313	0.4171
208	P	0.4892	0.4111
209	S	0.4481	0.4106
210	G	0.4065	0.4160
211	S	0.3675	0.4203
212	A	0.3331	0.4249
213	V	0.2762	0.4277
214	I	0.2576	0.4269
215	S	0.3083	0.4225
216	T	0.3294	0.4196
217	T	0.3375	0.4180
218	T	0.3171	0.4177
219	I	0.2866	0.4180
220	A	0.2521	0.4194
221	T	0.2174	0.4208
222	T	0.2546	0.4239
223	P	0.2829	0.4277
224	S	0.2785	0.4325
225	K	0.2965	0.4267
226	P	0.2878	0.4190
227	T	0.2792	0.4142
228	C	0.2549	0.4120
229	D	0.2315	0.4143
230	E	0.2164	0.4187
231	K	0.1648	0.4259
232	Y	0.1382	0.4309
233	A	0.1599	0.4221
234	N	0.1584	0.4134
235	I	0.1749	0.4048
236	T	0.1684	0.3976
237	V	0.1470	0.3868
238	D	0.1372	0.3754
239	Y	0.1238	0.3628
240	L	0.1399	0.3557
241	Y	0.1557	0.3591
242	N	0.1615	0.3645
243	K	0.1676	0.3697
244	E	0.1557	0.3675
245	T	0.1506	0.3669
246	K	0.1486	0.3675
247	L	0.1474	0.3640
248	F	0.1537	0.3644
249	T	0.1444	0.3742
250	A	0.1267	0.3908
251	K	0.1424	0.4075
252	L	0.1570	0.4178
253	N	0.1791	0.4310
254	V	0.1868	0.4126
255	N	0.1776	0.3738
256	E	0.1579	0.3364
257	N	0.1447	0.2963
258	V	0.1305	0.2589
259	E	0.1406	0.2200
260	C	0.1397	0.1935
261	G	0.1571	0.1818
262	N	0.1610	0.1736
263	N	0.1602	0.1681
264	T	0.1546	0.1700
265	C	0.1399	0.1720
266	T	0.1369	0.1810
267	N	0.1473	0.1895
268	N	0.1449	0.2005
269	E	0.1380	0.2191
270	V	0.1390	0.2387
271	H	0.1480	0.2551
272	N	0.1767	0.2623
273	L	0.2097	0.2759
274	T	0.2086	0.2784
275	E	0.1857	0.2827
276	C	0.1631	0.2858
277	K	0.1597	0.2957
278	N	0.1813	0.2990
279	A	0.1986	0.3025
280	S	0.2237	0.3038
281	V	0.2128	0.3052
282	S	0.1933	0.2987
283	I	0.1891	0.2899
284	S	0.1877	0.2718
285	H	0.1948	0.2617
286	N	0.2047	0.2579
287	S	0.2156	0.2638
288	C	0.2165	0.2604
289	T	0.2106	0.2801
290	A	0.1993	0.3008
291	P	0.1836	0.3215
292	D	0.1755	0.3447
293	K	0.1784	0.3805
294	T	0.1907	0.4247
295	L	0.2058	0.3873
296	I	0.2108	0.3399
297	L	0.2165	0.3126
298	D	0.2135	0.2988
299	V	0.2175	0.2847
300	P	0.2073	0.2955
301	P	0.1937	0.3248
302	G	0.1606	0.3556
303	V	0.1411	0.3896
304	E	0.1349	0.4311
305	K	0.1462	0.3796
306	F	0.1622	0.3294
307	Q	0.1612	0.2735
308	L	0.1574	0.2337
309	H	0.1415	0.1958
310	D	0.1232	0.1605
311	C	0.1243	0.1378
312	T	0.1190	0.1293
313	Q	0.1250	0.1272
314	V	0.1216	0.1255
315	E	0.1206	0.1274
316	K	0.1248	0.1273
317	A	0.1276	0.1283
318	D	0.1299	0.1365
319	T	0.1238	0.1447
320	T	0.1150	0.1596
321	I	0.1090	0.1856
322	C	0.1025	0.2028
323	L	0.1055	0.2177
324	K	0.1039	0.2202
325	W	0.1012	0.2256
326	K	0.1029	0.2141
327	N	0.1048	0.2066
328	I	0.1144	0.2083
329	E	0.1147	0.1984
330	T	0.1095	0.1915
331	F	0.1072	0.1850
332	T	0.1049	0.1720
333	C	0.1096	0.1647
334	D	0.1128	0.1569
335	T	0.1224	0.1540
336	Q	0.1244	0.1491
337	N	0.1232	0.1595
338	I	0.1230	0.1759
339	T	0.1180	0.1870
340	Y	0.1072	0.2085
341	R	0.1011	0.2198
342	F	0.0958	0.2282
343	Q	0.0954	0.2296
344	C	0.0951	0.2401
345	G	0.1046	0.2616
346	N	0.1069	0.2945
347	M	0.1145	0.3344
348	I	0.1205	0.3519
349	F	0.1262	0.3504
350	D	0.1328	0.3349
351	N	0.1379	0.3194
352	K	0.1379	0.3178
353	E	0.1356	0.3223
354	I	0.1278	0.3372
355	K	0.1382	0.3363
356	L	0.1589	0.3250
357	E	0.1757	0.2889
358	N	0.1814	0.2531
359	L	0.1765	0.2321
360	E	0.1650	0.2131
361	P	0.1607	0.2087
362	E	0.1645	0.2096
363	H	0.1776	0.2122
364	E	0.1752	0.2101
365	Y	0.1664	0.2078
366	K	0.1656	0.2078
367	C	0.1560	0.2072
368	D	0.1419	0.2351
369	S	0.1345	0.2632
370	E	0.1248	0.2900
371	I	0.1233	0.3210
372	L	0.1219	0.3373
373	Y	0.1201	0.3407
374	N	0.1161	0.3427
375	N	0.1137	0.3549
376	H	0.1224	0.3701
377	K	0.1270	0.3863
378	F	0.1338	0.4045
379	T	0.1396	0.4024
380	N	0.1343	0.4024
381	A	0.1386	0.4051
382	S	0.1329	0.4033
383	K	0.1314	0.4087
384	I	0.1500	0.4212
385	I	0.1641	0.4232
386	K	0.1817	0.4098
387	T	0.1884	0.4031
388	D	0.1923	0.4066
389	F	0.1957	0.4158
390	G	0.1922	0.4074
391	S	0.2158	0.3976
392	P	0.2142	0.3860
393	G	0.2035	0.3787
394	E	0.1963	0.3729
395	P	0.1759	0.3658
396	Q	0.1760	0.3678
397	I	0.1811	0.3766
398	I	0.1804	0.3687
399	F	0.1704	0.3467
400	C	0.1494	0.3123
401	R	0.1337	0.3058
402	S	0.1195	0.3048
403	E	0.1326	0.3049
404	A	0.1780	0.3037
405	A	0.1930	0.2997
406	H	0.1969	0.2943
407	Q	0.1896	0.2901
408	G	0.1788	0.2866
409	V	0.1704	0.2941
410	I	0.1829	0.3059
411	T	0.1989	0.3170
412	W	0.2114	0.3218
413	N	0.2036	0.3140
414	P	0.2151	0.3075
415	P	0.2088	0.2949
416	Q	0.2123	0.2873
417	R	0.2037	0.2828
418	S	0.1917	0.2756
419	F	0.1735	0.2695
420	H	0.1537	0.2523
421	N	0.1399	0.2368
422	F	0.1301	0.2283
423	T	0.1154	0.2146
424	L	0.1196	0.2013
425	C	0.1146	0.1882
426	Y	0.1181	0.1837
427	I	0.1102	0.1741
428	K	0.1204	0.1612
429	E	0.1313	0.1508
430	T	0.1356	0.1407
431	E	0.1428	0.1378
432	K	0.1442	0.1375
433	D	0.1216	0.1378
434	C	0.1176	0.1389
435	L	0.1279	0.1488
436	N	0.1474	0.1602
437	L	0.1474	0.1694
438	D	0.1425	0.1803
439	K	0.1218	0.1958
440	N	0.0901	0.2131
441	L	0.1036	0.2325
442	I	0.1369	0.2432
443	K	0.1507	0.2482
444	Y	0.1515	0.2548
445	D	0.1340	0.2630
446	L	0.1146	0.2675
447	Q	0.1021	0.2706
448	N	0.1099	0.2734
449	L	0.1358	0.2815
450	K	0.1338	0.2843
451	P	0.1273	0.2860
452	Y	0.1117	0.2892
453	T	0.0922	0.2980
454	K	0.0865	0.3165
455	Y	0.1048	0.3346
456	V	0.1079	0.3535
457	L	0.1318	0.3696
458	S	0.1473	0.3803
459	L	0.1601	0.3957
460	H	0.1269	0.3991
461	A	0.1441	0.4022
462	Y	0.1932	0.4055
463	I	0.2360	0.4063
464	I	0.2565	0.4046
465	A	0.2816	0.3993
466	K	0.2194	0.3923
467	V	0.1799	0.3900
468	Q	0.1783	0.3885
469	R	0.2412	0.3897
470	N	0.2305	0.3841
471	G	0.2329	0.3864
472	S	0.2338	0.3925
473	A	0.2431	0.4000
474	A	0.2621	0.4047
475	M	0.2819	0.4070
476	C	0.2836	0.4057
477	H	0.2727	0.4095
478	F	0.2688	0.4112
479	T	0.3105	0.4096
480	T	0.3388	0.4093
481	K	0.3885	0.4149
482	S	0.4757	0.4169
483	A	0.5327	0.4205
484	P	0.6452	0.4226
485	P	0.6492	0.4290
486	S	0.6235	0.4316
487	Q	0.6125	0.4249
488	V	0.6072	0.4213
489	W	0.6702	0.4210
490	N	0.6888	0.4208
491	M	0.7133	0.4190
492	T	0.6885	0.4194
493	V	0.6446	0.4182
494	S	0.6727	0.4192
495	M	0.6686	0.4214
496	T	0.6409	0.4250
497	S	0.6248	0.4275
498	D	0.5875	0.4296
499	N	0.6578	0.4309
500	S	0.7126	0.4318
501	M	0.7759	0.4324
502	H	0.7637	0.4333
503	V	0.7443	0.4339
504	K	0.7327	0.4337
505	C	0.7100	0.4333
506	R	0.7184	0.4336
507	P	0.7127	0.4330
508	P	0.6964	0.4319
509	R	0.7250	0.4312
510	D	0.7343	0.4312
511	R	0.7202	0.4312
512	N	0.6831	0.4310
513	G	0.6433	0.4314
514	P	0.6343	0.4328
515	H	0.6213	0.4322
516	E	0.6380	0.4289
517	R	0.6046	0.4249
518	Y	0.5114	0.4186
519	H	0.4788	0.4112
520	L	0.4272	0.4025
521	E	0.4445	0.3960
522	V	0.4813	0.3903
523	E	0.5297	0.3879
524	A	0.5323	0.3863
525	G	0.4866	0.3887
526	N	0.4420	0.3923
527	T	0.4233	0.3975
528	L	0.4169	0.4024
529	V	0.4628	0.4111
530	R	0.4647	0.4234
531	N	0.4766	0.4323
532	E	0.4261	0.4241
533	S	0.4175	0.4144
534	H	0.4404	0.4095
535	K	0.4617	0.4031
536	N	0.4862	0.4015
537	C	0.4728	0.4006
538	D	0.4610	0.4062
539	F	0.4658	0.4125
540	R	0.4591	0.4188
541	V	0.4714	0.4278
542	K	0.4329	0.4310
543	D	0.3930	0.4328
544	L	0.3812	0.4324
545	Q	0.3796	0.4306
546	Y	0.4348	0.4212
547	S	0.4489	0.4042
548	T	0.4629	0.3854
549	D	0.4614	0.3579
550	Y	0.4650	0.3298
551	T	0.4638	0.3010
552	F	0.4566	0.2745
553	K	0.4559	0.2497
554	A	0.4749	0.2286
555	Y	0.4919	0.2084
556	F	0.5536	0.1865
557	H	0.5918	0.1680
558	N	0.6427	0.1519
559	G	0.6783	0.1364
560	D	0.7075	0.1245
561	Y	0.7577	0.1125
562	P	0.7937	0.1023
563	G	0.8196	0.0920
564	E	0.8338	0.0843
565	P	0.8245	0.0760
566	F	0.8236	0.0674
567	I	0.7947	0.0636
568	L	0.7317	0.0602
569	H	0.6562	0.0579
570	H	0.5976	0.0540
571	S	0.6244	0.0495
572	T	0.7147	0.0453
573	S	0.8040	0.0429
574	Y	0.8257	0.0412
575	N	0.7371	0.0388
576	S	0.6126	0.0377
577	K	0.5093	0.0372
578	A	0.4559	0.0360
579	L	0.5072	0.0351
580	I	0.5811	0.0353
581	A	0.6586	0.0367
582	F	0.6536	0.0389
583	L	0.6015	0.0420
584	A	0.5205	0.0449
585	F	0.4435	0.0489
586	L	0.4160	0.0528
587	I	0.4632	0.0561
588	I	0.4651	0.0599
589	V	0.5119	0.0659
590	T	0.5049	0.0714
591	S	0.4939	0.0756
592	I	0.4213	0.0788
593	A	0.4262	0.0850
594	L	0.5089	0.0890
595	L	0.5261	0.0948
596	V	0.5678	0.0997
597	V	0.6058	0.1032
598	L	0.5802	0.1063
599	Y	0.5427	0.1104
600	K	0.5081	0.1155
601	I	0.5653	0.1222
602	Y	0.5683	0.1325
603	D	0.5881	0.1417
604	L	0.6814	0.1485
605	H	0.7121	0.1569
606	K	0.7332	0.1613
607	K	0.7069	0.1670
608	R	0.7177	0.1709
609	S	0.7631	0.1709
610	C	0.7627	0.1701
611	N	0.7938	0.1656
612	L	0.7766	0.1596
613	D	0.7266	0.1538
614	E	0.6835	0.1493
615	Q	0.5859	0.1441
616	Q	0.5455	0.1387
617	E	0.5197	0.1347
618	L	0.4945	0.1325
619	V	0.4800	0.1346
620	E	0.4777	0.1411
621	R	0.4880	0.1462
622	D	0.4612	0.1561
623	D	0.4214	0.1642
624	E	0.4361	0.1716
625	K	0.3903	0.1789
626	Q	0.3693	0.1886
627	L	0.3172	0.2013
628	M	0.2900	0.2203
629	N	0.2885	0.2362
630	V	0.2587	0.2472
631	E	0.2578	0.2583
632	P	0.2381	0.2775
633	I	0.1988	0.2925
634	H	0.1535	0.3111
635	A	0.1179	0.3236
636	D	0.1251	0.3390
637	I	0.1083	0.3559
638	L	0.0921	0.3686
639	L	0.1115	0.3681
640	E	0.1013	0.3639
641	T	0.0990	0.3628
642	Y	0.1034	0.3635
643	K	0.1125	0.3574
644	R	0.1143	0.3597
645	K	0.1174	0.3666
646	I	0.1170	0.3770
647	A	0.1192	0.3848
648	D	0.1206	0.3868
649	E	0.1293	0.3901
650	G	0.1330	0.4051
651	R	0.1337	0.4265
652	L	0.1280	0.4189
653	F	0.1231	0.4069
654	L	0.1111	0.3965
655	A	0.1086	0.3987
656	E	0.1082	0.4097
657	F	0.1147	0.4135
658	Q	0.1164	0.4243
659	S	0.1177	0.4310
660	I	0.1218	0.4269
661	P	0.1207	0.4108
662	R	0.1162	0.3902
663	V	0.1141	0.3702
664	F	0.1091	0.3521
665	S	0.1124	0.3285
666	K	0.1168	0.3128
667	F	0.1317	0.3018
668	P	0.1366	0.2829
669	I	0.1453	0.2684
670	K	0.1384	0.2522
671	E	0.1373	0.2393
672	A	0.1497	0.2285
673	R	0.1515	0.2258
674	K	0.1576	0.2241
675	P	0.1660	0.2282
676	F	0.1647	0.2385
677	N	0.1742	0.2481
678	Q	0.1639	0.2588
679	N	0.1745	0.2762
680	K	0.1741	0.2969
681	N	0.1578	0.3264
682	R	0.1617	0.3555
683	Y	0.1475	0.3835
684	V	0.1319	0.4010
685	D	0.1188	0.4172
686	I	0.1073	0.4327
687	L	0.1066	0.4246
688	P	0.0935	0.4189
689	Y	0.0863	0.4107
690	D	0.0990	0.4138
691	Y	0.1027	0.4204
692	N	0.1155	0.4307
693	R	0.1279	0.4168
694	V	0.1377	0.4045
695	E	0.1318	0.3954
696	L	0.1291	0.3864
697	S	0.1322	0.3773
698	E	0.1294	0.3734
699	I	0.1412	0.3720
700	N	0.1604	0.3649
701	G	0.1784	0.3632
702	D	0.1832	0.3657
703	A	0.1761	0.3740
704	G	0.1607	0.3817
705	S	0.1509	0.3887
706	N	0.1280	0.4016
707	Y	0.1470	0.4139
708	I	0.1629	0.4214
709	N	0.1790	0.4229
710	A	0.1743	0.4231
711	S	0.1735	0.4234
712	Y	0.1585	0.4261
713	I	0.1513	0.4254
714	D	0.1515	0.4196
715	G	0.1680	0.4139
716	F	0.1465	0.4093
717	K	0.1306	0.3915
718	E	0.1229	0.3759
719	P	0.1181	0.3625
720	R	0.1057	0.3548
721	K	0.1268	0.3506
722	Y	0.1449	0.3511
723	I	0.1598	0.3478
724	A	0.1890	0.3408
725	A	0.1989	0.3357
726	Q	0.1919	0.3373
727	G	0.1850	0.3480
728	P	0.1907	0.3650
729	R	0.1845	0.3859
730	D	0.1740	0.4175
731	E	0.1659	0.4110
732	T	0.1556	0.3753
733	V	0.1365	0.3438
734	D	0.1347	0.3204
735	D	0.1284	0.2960
736	F	0.1131	0.2730
737	W	0.1085	0.2631
738	R	0.1062	0.2624
739	M	0.1106	0.2555
740	I	0.1125	0.2489
741	W	0.1205	0.2466
742	E	0.1300	0.2588
743	Q	0.1369	0.2748
744	K	0.1415	0.2937
745	A	0.1394	0.3078
746	T	0.1326	0.3268
747	V	0.1333	0.3450
748	I	0.1260	0.3630
749	V	0.1251	0.3838
750	M	0.1123	0.4159
751	V	0.1287	0.4115
752	T	0.1476	0.3690
753	R	0.1639	0.3378
754	C	0.1692	0.3074
755	E	0.1595	0.2797
756	E	0.1386	0.2635
757	G	0.1211	0.2534
758	N	0.1167	0.2436
759	R	0.1140	0.2438
760	N	0.1156	0.2511
761	K	0.1254	0.2665
762	C	0.1429	0.2904
763	A	0.1620	0.3202
764	E	0.1672	0.3455
765	Y	0.1652	0.3763
766	W	0.1472	0.4092
767	P	0.1351	0.4123
768	S	0.1304	0.4123
769	M	0.1147	0.4151
770	E	0.1223	0.4078
771	E	0.1210	0.4086
772	G	0.1262	0.4109
773	T	0.1284	0.4197
774	R	0.1297	0.4268
775	A	0.1283	0.4312
776	F	0.1520	0.4276
777	G	0.1796	0.4302
778	D	0.1977	0.4334
779	V	0.1827	0.4319
780	V	0.1524	0.4313
781	V	0.1070	0.4250
782	K	0.0734	0.4134
783	I	0.0633	0.4077
784	N	0.0819	0.3970
785	Q	0.0807	0.3884
786	H	0.0881	0.3825
787	K	0.0900	0.3809
788	R	0.1013	0.3872
789	C	0.1068	0.3967
790	P	0.1156	0.4116
791	D	0.1286	0.4288
792	Y	0.1341	0.4177
793	I	0.1317	0.3996
794	I	0.1310	0.3925
795	Q	0.1274	0.3906
796	K	0.1267	0.3870
797	L	0.1262	0.3857
798	N	0.1395	0.3907
799	I	0.1379	0.3951
800	V	0.1371	0.4100
801	N	0.1432	0.4326
802	K	0.1641	0.4132
803	K	0.1897	0.3942
804	E	0.2135	0.3797
805	K	0.2365	0.3718
806	A	0.2264	0.3705
807	T	0.2004	0.3646
808	G	0.1858	0.3582
809	R	0.1766	0.3604
810	E	0.1842	0.3604
811	V	0.2016	0.3664
812	T	0.2052	0.3777
813	H	0.2176	0.3893
814	I	0.2303	0.3974
815	Q	0.2341	0.4029
816	F	0.2397	0.4061
817	T	0.2485	0.4026
818	S	0.2754	0.4010
819	W	0.2943	0.3999
820	P	0.3153	0.3887
821	D	0.3385	0.3820
822	H	0.3181	0.3777
823	G	0.2762	0.3674
824	V	0.2498	0.3579
825	P	0.2330	0.3485
826	E	0.2114	0.3416
827	D	0.1889	0.3388
828	P	0.1819	0.3420
829	H	0.1867	0.3446
830	L	0.1976	0.3461
831	L	0.2013	0.3548
832	L	0.1832	0.3596
833	K	0.1591	0.3592
834	L	0.1302	0.3672
835	R	0.1243	0.3775
836	R	0.1286	0.3893
837	R	0.1357	0.3997
838	V	0.1375	0.4076
839	N	0.1311	0.4114
840	A	0.1284	0.4186
841	F	0.1338	0.4243
842	S	0.1311	0.4233
843	N	0.1290	0.4222
844	F	0.1286	0.4255
845	F	0.1288	0.4169
846	S	0.1282	0.3981
847	G	0.1261	0.3773
848	P	0.1365	0.3572
849	I	0.1426	0.3357
850	V	0.1376	0.3163
851	V	0.1295	0.2927
852	H	0.1208	0.2728
853	C	0.1174	0.2557
854	S	0.1158	0.2390
855	A	0.1280	0.2198
856	G	0.1375	0.2029
857	V	0.1389	0.1921
858	G	0.1374	0.1796
859	R	0.1376	0.1698
860	T	0.1319	0.1594
861	G	0.1298	0.1464
862	T	0.1332	0.1362
863	Y	0.1438	0.1240
864	I	0.1409	0.1112
865	G	0.1328	0.1017
866	I	0.1256	0.0952
867	D	0.1145	0.0921
868	A	0.1075	0.0874
869	M	0.1105	0.0831
870	L	0.1163	0.0787
871	E	0.1199	0.0756
872	G	0.1194	0.0739
873	L	0.1209	0.0730
874	E	0.1184	0.0757
875	A	0.1171	0.0787
876	E	0.1176	0.0823
877	N	0.1212	0.0855
878	K	0.1256	0.0885
879	V	0.1328	0.0940
880	D	0.1301	0.1010
881	V	0.1274	0.1053
882	Y	0.1180	0.1109
883	G	0.1188	0.1129
884	Y	0.0947	0.1181
885	V	0.0925	0.1214
886	V	0.1433	0.1268
887	K	0.1696	0.1318
888	L	0.2223	0.1372
889	R	0.2628	0.1427
890	R	0.3380	0.1490
891	Q	0.3640	0.1532
892	R	0.3556	0.1653
893	C	0.3454	0.1755
894	L	0.3587	0.1956
895	M	0.3302	0.2109
896	V	0.3521	0.2300
897	Q	0.3443	0.2465
898	V	0.3193	0.2659
899	E	0.1992	0.2886
900	A	0.1638	0.3109
901	Q	0.1451	0.3335
902	Y	0.1733	0.3636
903	I	0.1720	0.3825
904	L	0.1977	0.3981
905	I	0.1837	0.4052
906	H	0.1621	0.4139
907	Q	0.1583	0.4167
908	A	0.1842	0.4221
909	L	0.1207	0.4228
910	V	0.1759	0.4171
911	E	0.2244	0.4124
912	Y	0.3087	0.4102
913	N	0.4558	0.4035
914	Q	0.5407	0.3991
915	F	0.5522	0.3996
916	G	0.5378	0.4011
917	E	0.5603	0.4021
918	T	0.6164	0.4076
919	E	0.6236	0.4138
920	V	0.6728	0.4218
921	N	0.7321	0.4295
922	L	0.7078	0.4300
923	S	0.7152	0.4248
924	E	0.7415	0.4202
925	L	0.7480	0.4172
926	H	0.7583	0.4171
927	P	0.8072	0.4188
928	Y	0.8464	0.4211
929	L	0.8786	0.4266
930	H	0.8772	0.4323
931	N	0.8949	0.4376
932	M	0.8996	0.4426
933	K	0.8850	0.4439
934	K	0.8932	0.4439
935	R	0.8896	0.4421
936	D	0.8820	0.4389
937	P	0.8846	0.4325
938	P	0.8905	0.4292
939	S	0.8673	0.4256
940	E	0.8807	0.4233
941	P	0.8925	0.4299
942	S	0.8861	0.4401
943	P	0.8629	0.4518
944	L	0.8571	0.4759
945	E	0.8365	0.4910
946	A	0.8061	0.5099
947	E	0.8014	0.5226
948	F	0.8164	0.5393
949	Q	0.8115	0.5446
950	R	0.8164	0.5511
951	L	0.8434	0.5602
952	P	0.8616	0.5603
953	S	0.8773	0.5629
954	Y	0.9171	0.5632
955	R	0.9487	0.5532
956	S	0.9618	0.5489
957	W	0.9688	0.5387
958	R	0.9734	0.5306
959	T	0.9760	0.5214
960	Q	0.9731	0.5187
961	H	0.9833	0.5142
962	I	0.9885	0.5017
963	G	0.9891	0.4829
964	N	0.9885	0.4590
965	Q	0.9894	0.4375
966	E	0.9898	0.4173
967	E	0.9887	0.4052
968	N	0.9902	0.4042
969	K	0.9900	0.4043
970	S	0.9891	0.4155
971	K	0.9895	0.4273
972	N	0.9875	0.4512
973	R	0.9882	0.4804
974	N	0.9858	0.5211
975	S	0.9843	0.5736
976	N	0.9743	0.6247
977	V	0.9764	0.6852
978	I	0.9696	0.7274
979	P	0.9593	0.7509
980	Y	0.9566	0.7716
981	D	0.9475	0.7804
982	Y	0.9273	0.7842
983	N	0.9097	0.7765
984	R	0.8955	0.7680
985	V	0.9071	0.7590
986	P	0.8991	0.7334
987	L	0.9050	0.7060
988	K	0.9119	0.6573
989	H	0.9016	0.6259
990	E	0.9090	0.6052
991	L	0.9196	0.5885
992	E	0.9255	0.5660
993	M	0.9429	0.5465
994	S	0.9351	0.5266
995	K	0.9469	0.5066
996	E	0.9404	0.4907
997	S	0.9262	0.4836
998	E	0.9351	0.4783
999	H	0.9327	0.4797
1000	D	0.9375	0.4748
1001	S	0.9341	0.4687
1002	D	0.9245	0.4614
1003	E	0.9261	0.4588
1004	S	0.9135	0.4550
1005	S	0.9148	0.4539
1006	D	0.9050	0.4508
1007	D	0.8869	0.4461
1008	D	0.8903	0.4421
1009	S	0.8847	0.4361
1010	D	0.8995	0.4311
1011	S	0.8793	0.4270
1012	E	0.8495	0.4263
1013	E	0.8268	0.4271
1014	P	0.7835	0.4300
1015	S	0.7440	0.4332
1016	K	0.7112	0.4369
1017	Y	0.6478	0.4441
1018	I	0.5697	0.4486
1019	N	0.4804	0.4504
1020	A	0.4387	0.4526
1021	S	0.4281	0.4530
1022	F	0.4318	0.4520
1023	I	0.4320	0.4482
1024	M	0.4136	0.4407
1025	S	0.3324	0.4320
1026	Y	0.3105	0.4227
1027	W	0.3018	0.4129
1028	K	0.2989	0.4069
1029	P	0.2593	0.3984
1030	E	0.2237	0.3910
1031	V	0.1952	0.3848
1032	M	0.1835	0.3814
1033	I	0.1567	0.3807
1034	A	0.1936	0.3853
1035	A	0.1807	0.3909
1036	Q	0.2073	0.3947
1037	G	0.2199	0.3944
1038	P	0.2305	0.3953
1039	L	0.1997	0.3931
1040	K	0.1737	0.3957
1041	E	0.1235	0.3887
1042	T	0.1067	0.3844
1043	I	0.1194	0.3767
1044	G	0.2212	0.3747
1045	D	0.2729	0.3678
1046	F	0.3379	0.3649
1047	W	0.3296	0.3719
1048	Q	0.2695	0.3934
1049	M	0.2022	0.4119
1050	I	0.2153	0.4313
1051	F	0.2340	0.4144
1052	Q	0.2277	0.3786
1053	R	0.1973	0.3497
1054	K	0.1888	0.3260
1055	V	0.1458	0.3100
1056	K	0.1436	0.2965
1057	V	0.1401	0.2910
1058	I	0.1335	0.2902
1059	V	0.1061	0.2884
1060	M	0.1013	0.2844
1061	L	0.1142	0.2804
1062	T	0.1190	0.2809
1063	E	0.1225	0.2875
1064	L	0.1285	0.2907
1065	K	0.1306	0.2948
1066	H	0.1350	0.3051
1067	G	0.1442	0.3184
1068	D	0.1549	0.3296
1069	Q	0.1570	0.3404
1070	E	0.1543	0.3549
1071	I	0.1648	0.3704
1072	C	0.1674	0.3822
1073	A	0.1733	0.3882
1074	Q	0.1853	0.3897
1075	Y	0.1793	0.3929
1076	W	0.1765	0.3917
1077	G	0.1772	0.3754
1078	E	0.1775	0.3609
1079	G	0.1696	0.3493
1080	K	0.1510	0.3414
1081	Q	0.1582	0.3341
1082	T	0.1555	0.3306
1083	Y	0.1477	0.3307
1084	G	0.1546	0.3303
1085	D	0.1592	0.3298
1086	I	0.1772	0.3299
1087	E	0.1854	0.3297
1088	V	0.1889	0.3349
1089	D	0.2056	0.3392
1090	L	0.2013	0.3410
1091	K	0.2135	0.3418
1092	D	0.2441	0.3423
1093	T	0.2807	0.3435
1094	D	0.2820	0.3502
1095	K	0.2461	0.3582
1096	S	0.2155	0.3736
1097	S	0.1877	0.3869
1098	T	0.1623	0.4025
1099	Y	0.1581	0.4190
1100	T	0.1471	0.4285
1101	L	0.1343	0.4283
1102	R	0.1130	0.4236
1103	V	0.1062	0.4172
1104	F	0.1123	0.4161
1105	E	0.1165	0.4272
1106	L	0.1442	0.4296
1107	R	0.1600	0.4119
1108	H	0.1950	0.4027
1109	S	0.2260	0.3907
1110	K	0.2262	0.3832
1111	R	0.2724	0.3832
1112	K	0.2738	0.3897
1113	D	0.3033	0.4016
1114	S	0.3110	0.4106
1115	R	0.2835	0.4244
1116	T	0.2339	0.4217
1117	V	0.1571	0.3960
1118	Y	0.1337	0.3747
1119	Q	0.1295	0.3688
1120	Y	0.1377	0.3552
1121	Q	0.1941	0.3531
1122	Y	0.1786	0.3500
1123	T	0.1339	0.3610
1124	N	0.1578	0.3717
1125	W	0.1770	0.3815
1126	S	0.2604	0.3946
1127	V	0.3135	0.4038
1128	E	0.3659	0.4138
1129	Q	0.3449	0.4181
1130	L	0.2906	0.4127
1131	P	0.2360	0.4135
1132	A	0.2047	0.4118
1133	E	0.1449	0.4125
1134	P	0.1673	0.4065
1135	K	0.1496	0.4022
1136	E	0.1679	0.3994
1137	L	0.1554	0.3940
1138	I	0.1525	0.3918
1139	S	0.1414	0.3923
1140	M	0.1714	0.3936
1141	I	0.1902	0.4000
1142	Q	0.2292	0.4066
1143	V	0.2662	0.4115
1144	V	0.2827	0.4175
1145	K	0.2797	0.4264
1146	Q	0.2562	0.4312
1147	K	0.2232	0.4221
1148	L	0.2914	0.4107
1149	P	0.3635	0.3985
1150	Q	0.4509	0.3897
1151	K	0.4952	0.3834
1152	N	0.5487	0.3802
1153	S	0.5409	0.3798
1154	S	0.5010	0.3781
1155	E	0.5101	0.3778
1156	G	0.5238	0.3808
1157	N	0.4720	0.3843
1158	K	0.4395	0.3904
1159	H	0.4287	0.3986
1160	H	0.4141	0.4076
1161	K	0.3769	0.4158
1162	S	0.3806	0.4244
1163	T	0.3760	0.4330
1164	P	0.3345	0.4269
1165	L	0.2777	0.4212
1166	L	0.2505	0.4193
1167	I	0.2462	0.4215
1168	H	0.2307	0.4250
1169	C	0.2382	0.4314
1170	R	0.2599	0.4297
1171	D	0.2682	0.4236
1172	G	0.2432	0.4185
1173	S	0.2153	0.4141
1174	Q	0.1877	0.4087
1175	Q	0.1542	0.4058
1176	T	0.1393	0.4068
1177	G	0.1498	0.4096
1178	I	0.1282	0.4145
1179	F	0.1357	0.4195
1180	C	0.1542	0.4221
1181	A	0.1767	0.4256
1182	L	0.1818	0.4291
1183	L	0.1751	0.4304
1184	N	0.1477	0.4284
1185	L	0.1250	0.4272
1186	L	0.1186	0.4217
1187	E	0.1306	0.4104
1188	S	0.0829	0.4014
1189	A	0.1000	0.3901
1190	E	0.1720	0.3792
1191	T	0.2197	0.3717
1192	E	0.2840	0.3626
1193	E	0.2921	0.3550
1194	V	0.2714	0.3516
1195	V	0.2248	0.3501
1196	D	0.1697	0.3462
1197	I	0.1558	0.3421
1198	F	0.1906	0.3390
1199	Q	0.2251	0.3316
1200	V	0.2934	0.3279
1201	V	0.2972	0.3304
1202	K	0.2804	0.3336
1203	A	0.1963	0.3404
1204	L	0.1223	0.3463
1205	R	0.1350	0.3520
1206	K	0.1742	0.3584
1207	A	0.1781	0.3664
1208	R	0.2016	0.3760
1209	P	0.1927	0.3843
1210	G	0.1374	0.3956
1211	M	0.1088	0.4071
1212	V	0.1286	0.4146
1213	S	0.1540	0.4222
1214	T	0.1777	0.4282
1215	F	0.2436	0.4326
1216	E	0.2660	0.4283
1217	Q	0.2549	0.4250
1218	Y	0.2209	0.4231
1219	Q	0.1665	0.4235
1220	F	0.1300	0.4250
1221	L	0.1279	0.4275
1222	Y	0.1383	0.4305
1223	D	0.1846	0.4336
1224	V	0.2559	0.4365
1225	I	0.3070	0.4381
1226	A	0.3210	0.4393
1227	S	0.3469	0.4397
1228	T	0.4456	0.4391
1229	Y	0.5556	0.4380
1230	P	0.6668	0.4344
1231	A	0.7274	0.4295
1232	Q	0.6881	0.4237
1233	N	0.6264	0.4173
1234	G	0.6005	0.4120
1235	Q	0.6091	0.4062
1236	V	0.6659	0.4015
1237	K	0.6913	0.3972
1238	K	0.7038	0.3995
1239	N	0.7373	0.4062
1240	N	0.7748	0.4147
1241	H	0.7974	0.4278
1242	Q	0.8092	0.4418
1243	E	0.8554	0.4633
1244	D	0.8707	0.4864
1245	K	0.8929	0.5126
1246	I	0.8893	0.5434
1247	E	0.8461	0.5650
1248	F	0.8234	0.5927
1249	D	0.8279	0.6031
1250	N	0.8221	0.6050
1251	E	0.7896	0.6071
1252	V	0.7790	0.6130
1253	D	0.8007	0.6102
1254	K	0.7667	0.5965
1255	V	0.8028	0.6046
1256	K	0.8002	0.6038
1257	Q	0.7836	0.6173
1258	D	0.7723	0.6454
1259	A	0.8190	0.6651
1260	N	0.8666	0.6845
1261	C	0.8897	0.7305
1262	V	0.9009	0.7745
1263	N	0.9164	0.8002
1264	P	0.8992	0.8369
1265	L	0.9278	0.8667
1266	G	0.9494	0.8699
1267	A	0.9687	0.8763
1268	P	0.9607	0.8744
1269	E	0.9756	0.8706
1270	K	0.9726	0.8695
1271	L	0.9777	0.8757
1272	P	0.9843	0.8571
1273	E	0.9874	0.8334
1274	A	0.9904	0.8149
1275	K	0.9914	0.7788
1276	E	0.9940	0.7494
1277	Q	0.9946	0.7353
1278	A	0.9942	0.7206
1279	E	0.9942	0.6942
1280	G	0.9955	0.6715
1281	S	0.9960	0.6465
1282	E	0.9968	0.6242
1283	P	0.9969	0.6287
1284	T	0.9968	0.6469
1285	S	0.9966	0.6590
1286	G	0.9964	0.6818
1287	T	0.9957	0.6986
1288	E	0.9950	0.7253
1289	G	0.9940	0.7509
1290	P	0.9937	0.7838
1291	E	0.9936	0.8200
1292	H	0.9939	0.8711
1293	S	0.9928	0.8992
1294	V	0.9925	0.9217
1295	N	0.9910	0.9326
1296	G	0.9903	0.9457
1297	P	0.9911	0.9572
1298	A	0.9915	0.9674
1299	S	0.9909	0.9731
1300	P	0.9900	0.9788
1301	A	0.9894	0.9843
1302	L	0.9881	0.9867
1303	N	0.9857	0.9861
1304	Q	0.9821	0.9866
1305	G	0.9788	0.9869
1306	S	0.9791	0.9890
